{
  "project_info": {
    "project_number": "14839771291",
    "firebase_url": "https://batch252-45f74-default-rtdb.asia-southeast1.firebasedatabase.app",
    "project_id": "batch252-45f74",
    "storage_bucket": "batch252-45f74.firebasestorage.app"
  },
  "client": [
    {
      "client_info": {
        "mobilesdk_app_id": "1:14839771291:android:6b2b2f8cb4d82424d1d63e",
        "android_client_info": {
          "package_name": "com.tanjin.batch252"
        }
      },
      "oauth_client": [],
      "api_key": [
        {
          "current_key": "AIzaSyCEfXaSQ4_n6Lb4uS7d_SmJn9RkPT7xfN8"
        }
      ],
      "services": {
        "appinvite_service": {
          "other_platform_oauth_client": []
        }
      }
    }
  ],
  "configuration_version": "1"
}